{
	"name": "template-wall-collision",
	"title": "Template Wall Collision",
	"description": "Adds wall collision to measurment templates",
	"version": "1.0.2",
	"author": "EndlesNights#9000",
	"esmodules": ["template-wall-collision.js"],
	"minimumCoreVersion": "0.8.5",
	"compatibleCoreVersion": "0.8.6",
	"dependencies": [
	{
		"name": "lib-wrapper",
		"manifest": "https://github.com/ruipin/fvtt-lib-wrapper/releases/latest/download/module.json"
	}
	],
	"url": "https://github.com/EndlesNights/template-wall-collision",
	"manifest": "https://github.com/EndlesNights/template-wall-collision/releases/latest/download/module.json",
	"download": "https://github.com/EndlesNights/template-wall-collision/archive/master.zip"
}


